id,title,filename,userId,text,time
9,hoge9,1563166159196_953-hoge.jpg,Shima5,ほげほげ9に行きました！,
10,hoge10,1563138540835_img-landscape-200x300.png,Shima5,ほげほげ10に行きました！,1563146159167
11,hoge11,1563167159243_953-hoge.jpg,Shima1,ほげほげ11に行きました！,1563166159167
12,hoge12,1563166159083_953-hoge.jpg,Shima2,ほげほげ12に行きました！,1563136435347
13,hoge13,1563136435347_1-200x300.jpg,Shima3,ほげほげ13に行きました！,1563166159083
14,hoge14,1563166349167_953-hoge.jpg,Shima5,ほげほげ14に行きました！,1563167159173
15,hoge15,1563146159187_953-hoge.jpg,Shima5,ほげほげ15に行きました！,1563138540835
16,hoge16,1563156159196_953-hoge.jpg,Shima5,ほげほげ16に行きました！,1563166159183