id,title,filename,userId,text,date
9,hoge9,1563166159196_953-hoge.jpg,Shima5,ほげほげ9に行きました！,2018-07-14 12:21:09
10,hoge10,1563138540835_img-landscape-200x300.png,Shima5,ほげほげ10に行きました！,2019-07-09 12:21:09
11,hoge11,1563167159243_953-hoge.jpg,Shima1,ほげほげ11に行きました！,2019-08-25 06:04:42
12,hoge12,1563166159083_953-hoge.jpg,Shima2,ほげほげ12に行きました！,2019-07-15 06:04:42
13,hoge13,1563136435347_1-200x300.jpg,Shima3,ほげほげ13に行きました！,2019-09-04 12:21:09
14,hoge14,1563166349167_953-hoge.jpg,Shima5,ほげほげ14に行きました！,2019-07-15 06:50:18
15,hoge15,1563146159187_953-hoge.jpg,Shima5,ほげほげ15に行きました！,2019-08-31 06:50:18
16,hoge16,1563156159196_953-hoge.jpg,Shima5,ほげほげ16に行きました！,2019-07-01 06:50:18